Key,Area,MajorAxisLength,MinorAxisLength,Eccentricity,ConvexArea,Extent,Perimeter,Class
1,87524,442.2460114,253.291155,0.819738392,90546,0.758650579,1184.04,Keci
2,75166,406.690687,243.0324363,0.801805234,78789,0.68412957,1121.786,Keci
3,90856,442.2670483,266.3283177,0.798353619,93717,0.637612812,1208.575,Keci
4,45928,286.5405586,208.7600423,0.684989217,47336,0.699599385,844.162,Keci
5,79408,352.1907699,290.8275329,0.56401133,81463,0.792771926,1073.251,Keci
6,49242,318.125407,200.12212,0.777351277,51368,0.658456354,881.836,Keci
7,42492,310.1460715,176.1314494,0.823098681,43904,0.665893562,823.796,Keci
8,60952,332.4554716,235.429835,0.706057518,62329,0.74359819,933.366,Keci
9,42256,323.1896072,172.5759261,0.845498789,44743,0.698030924,849.728,Keci
10,64380,366.9648423,227.7716147,0.784055626,66125,0.664375716,981.544,Keci
11,80437,449.4545811,232.3255064,0.856042518,84460,0.674235757,1176.305,Keci
12,43725,301.3222176,186.9506295,0.784258452,45021,0.697068248,818.873,Keci
13,43441,276.6108288,201.8131355,0.683882337,45133,0.690855598,803.748,Keci
14,76792,338.8575454,291.3592017,0.510583813,78842,0.772322237,1042.77,Keci
15,74167,387.7989307,247.8581228,0.769089738,76807,0.680181585,1084.729,Keci
16,33565,261.5543311,167.7084908,0.767374275,35794,0.68155052,751.413,Keci
17,64670,403.0839752,206.4846437,0.858829168,66419,0.75677257,1028.445,Keci
18,64762,354.2939396,235.7524629,0.746473726,66713,0.694998015,981.509,Keci
19,43295,304.2844667,182.8110368,0.799406959,44714,0.713838189,814.68,Keci
20,70699,418.6985723,216.5960537,0.855799392,72363,0.728075054,1061.321,Keci
21,69726,354.1769124,252.529208,0.701160962,71849,0.734398534,1035.501,Keci
22,57346,330.4784385,222.4437485,0.739555027,59365,0.723608833,928.272,Keci
23,82028,397.1149759,268.3337727,0.737169367,84427,0.686375085,1106.355,Keci
24,61251,301.5077895,273.6599414,0.419753707,64732,0.643595671,971.769,Keci
25,96277,447.1345225,275.2161542,0.788128405,97865,0.704057157,1181.921,Keci
26,75620,368.2242844,263.4592554,0.698627251,77493,0.726277372,1059.186,Keci
27,73167,340.055218,276.0151772,0.58410581,74545,0.778736856,1010.474,Keci
28,60847,336.9238696,231.4656959,0.726660229,62492,0.69858783,964.603,Keci
29,81021,347.7500583,297.6406265,0.517134931,82552,0.757559607,1063.868,Keci
30,59902,358.5919148,222.9020273,0.783331958,63250,0.744124224,982.788,Keci
31,88745,429.770355,265.6902361,0.786009488,90715,0.752063524,1162.877,Keci
32,41809,307.5327392,175.085568,0.822113695,43838,0.697444367,828.697,Keci
33,75329,364.2307798,265.8668635,0.683510499,77541,0.723079729,1075.792,Keci
34,61600,350.1827545,225.8427713,0.764243075,63397,0.746829611,972.472,Keci
35,46427,253.8420284,235.9068241,0.369212459,48275,0.684219059,844.312,Keci
36,40861,249.7402266,213.5732718,0.51832833,43096,0.743089401,784.912,Keci
37,55827,305.298843,234.6612245,0.639696077,57724,0.703287982,926.095,Keci
38,54182,366.0666742,192.013274,0.851391425,56450,0.611417674,968.729,Keci
39,77468,405.9365937,245.9897977,0.795479241,79220,0.721545397,1100.676,Keci
40,49882,287.2643272,222.1858727,0.633851884,50880,0.766377827,843.764,Keci
41,95245,397.094114,307.2739224,0.633422315,97988,0.75304396,1201.39,Keci
42,71464,364.1030896,253.7969272,0.717025543,73265,0.715484271,1036.94,Keci
43,77055,375.2501319,262.8124219,0.713783938,79255,0.732267077,1095.283,Keci
44,92384,368.4062138,320.7145792,0.492086934,93772,0.749006827,1135.662,Keci
45,77310,436.5298989,228.2803725,0.852367489,80138,0.631720869,1141.189,Keci
46,57580,330.2283748,232.0553872,0.711474579,60232,0.645103465,992.114,Keci
47,69708,375.4472798,239.1327753,0.770923534,71321,0.727177893,1022.568,Keci
48,41502,260.5126753,205.8650238,0.612809911,43114,0.824319225,790.427,Keci
49,45800,330.0086832,181.6658648,0.834842987,47802,0.732682771,870.387,Keci
50,52623,311.9967579,218.0411235,0.7152614,54175,0.675190536,902.624,Keci
51,44939,317.6167119,183.3152147,0.816632082,46400,0.656177905,845.786,Keci
52,114648,508.1289326,288.9539812,0.822570794,118314,0.681904966,1340.897,Keci
53,65727,403.1942717,210.0732642,0.853542978,67372,0.616981132,1030.155,Keci
54,45683,333.2625321,177.7720961,0.845844473,48787,0.634230657,901.102,Keci
55,111450,478.3109708,298.630592,0.781149506,113256,0.690092879,1298.188,Keci
56,47581,306.8118747,203.097502,0.749538262,49203,0.667775392,861.58,Keci
57,57127,311.6445775,238.6419206,0.643138024,59943,0.693625546,952.023,Keci
58,53006,333.3813698,206.8807081,0.784164747,55456,0.691695375,936.371,Keci
59,69060,328.4888612,275.8888648,0.542783247,72223,0.727023897,1039.551,Keci
60,25387,225.629541,144.618672,0.767577386,26139,0.678144032,619.074,Keci
61,66774,348.5579747,246.4762569,0.707082253,69097,0.692446491,1003.374,Keci
62,47839,312.6013291,198.7512989,0.771855496,50166,0.702770596,868.06,Keci
63,78571,443.8222908,228.7576146,0.856934002,81718,0.642192762,1157.33,Keci
64,64717,342.5767105,245.7320369,0.696759162,66649,0.66254095,997.989,Keci
65,60462,373.3428463,208.1086262,0.830230914,62213,0.665683112,990.547,Keci
66,59370,345.9492049,221.9219567,0.767133811,61464,0.697485902,981.517,Keci
67,54056,332.2676409,208.6190158,0.778322762,55539,0.674553259,912.153,Keci
68,89235,443.5159353,258.9467393,0.811861615,91201,0.655190643,1179.694,Keci
69,51727,321.1271422,208.7667575,0.759843328,52913,0.751889645,903.308,Keci
70,71595,387.3096951,236.7511846,0.791421357,74045,0.718536732,1069.77,Keci
71,95347,451.5261542,280.2261534,0.784111496,99256,0.674956111,1255.245,Keci
72,60449,383.8002498,208.1687832,0.840127895,64346,0.67634488,1054.198,Keci
73,69006,379.3178462,241.8502909,0.77037364,72895,0.697453002,1086.857,Keci
74,68520,373.235638,237.0415232,0.772430874,70759,0.712858926,1049.093,Keci
75,52731,309.9772864,219.7253525,0.70536589,54438,0.695879962,894.48,Keci
76,50570,311.3447951,208.3178983,0.74318078,51743,0.720863268,873.777,Keci
77,75825,391.2043013,248.5002712,0.772332349,77437,0.745370006,1081.339,Keci
78,42637,293.4295802,189.4321576,0.763692969,44052,0.725119048,814.182,Keci
79,76984,425.0481856,233.9734424,0.834859339,78641,0.758754595,1091.754,Keci
80,47851,323.1525189,191.6109615,0.805244577,49187,0.773237024,860.402,Keci
81,51220,328.6476055,202.5088754,0.787598712,52903,0.692470967,896.728,Keci
82,53890,331.0863197,216.5794558,0.756366569,57109,0.704444444,957.132,Keci
83,58650,346.3389582,219.6843649,0.773083296,62380,0.660287081,991.612,Keci
84,98935,387.5169377,326.8987235,0.537014933,100747,0.740420596,1176.6,Keci
85,77587,396.8075663,251.9449198,0.772569894,79970,0.703864647,1100.836,Keci
86,180898,843.9566534,323.1905688,0.923770364,221396,0.454188929,2253.557,Keci
87,71266,390.707154,235.6868033,0.797566261,73002,0.66062887,1034.183,Keci
88,39457,267.5569406,188.7651659,0.708695988,40472,0.697576154,755.822,Keci
89,35237,267.5537786,173.5251032,0.761162183,37418,0.706832223,750.909,Keci
90,49059,301.8003982,210.4672152,0.716709132,50835,0.698607314,867.582,Keci
91,53896,319.0720226,217.6957013,0.731093185,55392,0.745944749,889.626,Keci
92,56469,325.341425,225.1150238,0.721960082,58697,0.685736144,933.896,Keci
93,85156,422.2791325,260.2106227,0.7875856,87057,0.702560887,1140.684,Keci
94,67044,361.2553722,238.2264457,0.751756706,68626,0.756943504,989.016,Keci
95,52243,331.4511469,206.7595988,0.781583108,55774,0.714434188,934.547,Keci
96,38968,269.4020207,185.7275682,0.724374455,40147,0.737583283,769.242,Keci
97,79661,360.0734473,282.7390316,0.619209281,81032,0.779156886,1045.658,Keci
98,59282,329.2425655,233.7746492,0.704163616,60580,0.725925745,920.573,Keci
99,48177,305.784503,202.4661938,0.74939737,49877,0.677642591,860.548,Keci
100,74904,342.8963104,280.1155681,0.57676457,75898,0.731741628,1012.365,Keci
101,81581,424.2783146,245.5074738,0.81557794,83143,0.762382252,1114.736,Keci
102,57820,376.1911744,199.7971077,0.847305856,59968,0.714780201,978.85,Keci
103,57808,309.9716571,241.3665105,0.627430162,58954,0.710346522,911.857,Keci
104,55306,353.1546092,204.126836,0.816029801,57396,0.743990207,973.259,Keci
105,59459,347.1551548,222.109478,0.768542385,61585,0.709619286,966.329,Keci
106,44247,319.7903082,178.6479431,0.829409642,45872,0.677637221,842.121,Keci
107,48945,269.3704112,239.1621656,0.460121209,51456,0.711244478,872.289,Keci
108,68864,343.6762094,261.9884386,0.64720992,71726,0.698347024,1035.022,Keci
109,82826,396.7059122,269.7628551,0.733205484,84981,0.745434745,1115.811,Keci
110,65396,331.5384446,253.2429662,0.645403364,66783,0.764829716,975.425,Keci
111,81572,393.716176,265.8146124,0.737687128,84964,0.698270844,1187.338,Keci
112,44367,322.5040186,176.7089727,0.836525515,46531,0.732999603,883.973,Keci
113,51448,328.289568,202.1603698,0.787903331,52772,0.704805743,877.799,Keci
114,50545,286.8713324,227.1597173,0.610712677,51771,0.835454545,847.664,Keci
115,94063,448.1210966,276.607844,0.786758156,99085,0.70929382,1259.451,Keci
116,84129,413.0345598,261.6430865,0.773771049,86242,0.713834797,1144.973,Keci
117,79735,410.9979193,250.2207874,0.793313932,83306,0.749044143,1154.54,Keci
118,90176,390.207341,294.7622385,0.65526509,91793,0.762549046,1136.669,Keci
119,61492,356.4260216,224.163105,0.777470812,65298,0.690843725,1013.202,Keci
120,79532,367.5260058,277.2241619,0.656532102,81603,0.735114151,1075.271,Keci
121,69302,354.9636669,254.4527709,0.697235919,71843,0.701153379,1051.02,Keci
122,52266,320.4425614,213.8574996,0.744715834,54116,0.684289081,923.19,Keci
123,51180,288.6310651,226.6304906,0.619253764,52396,0.737442725,855.997,Keci
124,55787,333.7034529,226.9512079,0.733120775,59520,0.688592377,977.425,Keci
125,96064,411.2070534,303.2324524,0.675434094,99609,0.731331126,1223.904,Keci
126,54316,351.8052608,198.4175196,0.825776045,55960,0.655895281,930.627,Keci
127,70941,326.0111541,278.1026598,0.521834977,72330,0.76010929,993.05,Keci
128,55770,293.5806697,243.4806344,0.558731929,57633,0.740165631,900.109,Keci
129,47478,299.8185828,205.2960945,0.72879271,48900,0.720914695,861.179,Keci
130,88197,473.2866901,238.7384529,0.863454506,90297,0.658456829,1193.28,Keci
131,74728,355.310549,270.7408973,0.647596035,76287,0.766676926,1048.675,Keci
132,70788,362.6507703,249.4037249,0.725972018,71954,0.7461579,1003.769,Keci
133,48894,318.0989115,197.4955028,0.783919938,50468,0.663815575,875.174,Keci
134,52051,313.7032602,213.6317375,0.732283957,53550,0.695051277,893.451,Keci
135,53270,336.1488879,204.3070754,0.794099752,55288,0.693692051,922.011,Keci
136,57227,354.43108,207.5949862,0.810518333,59307,0.649981827,953.496,Keci
137,97026,455.9715909,273.0538098,0.800869044,99561,0.671204732,1212.667,Keci
138,58495,368.7395425,205.7578712,0.829838749,61496,0.630103195,998.437,Keci
139,53758,359.5316125,193.4008772,0.842992995,57197,0.710295439,965.068,Keci
140,110616,461.1445532,306.899065,0.74638361,112150,0.752397666,1252.875,Keci
141,49175,281.4314214,224.4858963,0.603110639,50672,0.727613045,845.128,Keci
142,53698,348.2232313,197.7528973,0.823103652,56089,0.731341251,938.705,Keci
143,73125,408.940773,231.2190014,0.824810334,75540,0.656512605,1096.751,Keci
144,50445,308.3589121,208.8552452,0.735695738,51555,0.723225806,851.632,Keci
145,46742,303.5552029,199.4459327,0.753861393,48077,0.70526284,847.792,Keci
146,69317,393.3989966,228.722883,0.813616588,72170,0.661674303,1066.388,Keci
147,75314,392.6515582,246.0756721,0.779258691,77118,0.704712179,1073.768,Keci
148,54428,339.1147492,206.6458262,0.792887194,56175,0.723391813,922.878,Keci
149,88407,412.7569409,275.2848499,0.74510983,90865,0.717962253,1141.296,Keci
150,46601,277.3532801,216.2720505,0.626064816,48457,0.761653373,820.106,Keci
151,53121,350.9683575,195.8674449,0.82978902,56120,0.732663025,930.619,Keci
152,80101,377.616572,272.6713449,0.691804118,82949,0.725486822,1084.306,Keci
153,69781,364.7445188,248.7961897,0.731248797,71504,0.693937827,1024.207,Keci
154,58460,290.7535562,258.3843539,0.458544698,60254,0.774756149,908.357,Keci
155,61792,400.5028283,197.7035112,0.869667343,64962,0.701161946,1026.109,Keci
156,78084,395.2097616,254.3765834,0.765320366,80285,0.703003457,1097.299,Keci
157,63402,372.4843101,224.0094059,0.798953455,66639,0.676634437,1008.276,Keci
158,48809,332.2648929,190.3513649,0.81963199,51847,0.66134168,928.016,Keci
159,49039,285.4020871,220.8199013,0.633533709,50879,0.714770872,841.666,Keci
160,64669,364.5828035,228.8007673,0.778561165,67524,0.655845605,995.692,Keci
161,103377,460.6704313,287.9931727,0.780495845,105569,0.726967785,1230.233,Keci
162,73972,359.2726917,263.3333902,0.680269105,75353,0.754739312,1017.749,Keci
163,47602,296.4930361,206.2251984,0.718479434,49089,0.721187789,840.545,Keci
164,69151,341.6460576,258.3928669,0.654204824,70703,0.75184561,989.917,Keci
165,56518,319.1919279,230.7099964,0.691063598,58879,0.718647085,916.396,Keci
166,86314,390.4129792,282.2148203,0.690992119,87873,0.733663131,1106.033,Keci
167,56477,334.588138,219.1856198,0.755550137,58408,0.685666764,941.429,Keci
168,32097,264.4163841,157.9904179,0.801864322,33699,0.681117902,713.775,Keci
169,71284,356.2592463,256.4883397,0.694027404,72618,0.742975069,1011.054,Keci
170,87937,365.8369921,307.9116981,0.54000213,89581,0.711009953,1099.568,Keci
171,100835,419.7533709,306.9548981,0.682083382,102881,0.752578628,1202.369,Keci
172,66752,370.5036219,231.5511993,0.78065406,69039,0.742390035,1006.028,Keci
173,65999,326.2987214,264.4148773,0.585951613,67971,0.676864225,998.793,Keci
174,70977,362.0635747,256.3830246,0.70609608,73417,0.650222613,1033.87,Keci
175,38569,272.9372082,181.8567206,0.745688178,39909,0.716030818,757.295,Keci
176,53964,368.074061,189.8138686,0.856772375,55662,0.603678181,943.599,Keci
177,79100,413.4963654,246.4047067,0.803054658,81839,0.655148423,1113.607,Keci
178,83071,400.4656882,265.928797,0.747689152,84531,0.718458106,1112.784,Keci
179,31237,262.3470571,155.0257428,0.806731223,32564,0.613910617,718.847,Keci
180,26908,245.7557814,143.7108718,0.811198369,28607,0.693487281,678.815,Keci
181,66797,358.1989179,240.7826944,0.740366108,68732,0.697662517,1006.375,Keci
182,76222,388.8073993,250.6960737,0.764366384,77958,0.73744195,1065.68,Keci
183,46810,297.8913729,201.5349368,0.736407405,48300,0.721307939,836.109,Keci
184,65123,382.3576865,218.8887484,0.819924857,66825,0.764336518,1018.353,Keci
185,65091,392.4932707,216.8275716,0.833555048,69597,0.664193878,1079.752,Keci
186,68400,363.5065315,249.5814954,0.727040805,72981,0.725744843,1079.973,Keci
187,64056,393.6167673,209.630823,0.846382218,65958,0.767873412,1014.268,Keci
188,49821,319.0820631,202.2364946,0.773491106,51829,0.677975097,907.423,Keci
189,80353,394.340189,264.5790871,0.74151054,83419,0.668021782,1120.777,Keci
190,51539,330.7474868,200.9579393,0.794252979,53060,0.72541099,894.039,Keci
191,63827,393.251665,209.1461847,0.846846105,66445,0.66740908,1047.037,Keci
192,89345,435.5508797,262.0614475,0.798738633,91337,0.713846277,1176.657,Keci
193,31275,264.687187,156.3955455,0.806767261,33540,0.658393331,727.561,Keci
194,75431,433.6712228,222.9994167,0.857662466,78125,0.723184154,1103.236,Keci
195,72718,397.902945,235.5598942,0.805935469,74803,0.746867425,1073.916,Keci
196,82886,424.8227093,253.171548,0.803024243,85879,0.648281256,1163.528,Keci
197,67852,353.1242534,247.3352308,0.713731082,69587,0.729512956,983.385,Keci
198,49336,338.4814606,193.0052021,0.821499608,52619,0.656552752,909.681,Keci
199,39368,296.6559478,171.2081645,0.816654393,41361,0.619968504,798.546,Keci
200,51304,350.0425817,189.765438,0.840300429,52949,0.660997732,897.111,Keci
201,91764,433.7681595,270.2860947,0.782132713,93480,0.692924564,1165.084,Keci
202,79252,398.8445645,254.1729295,0.770638009,80799,0.705007428,1074.108,Keci
203,50530,328.9180154,198.2839196,0.797864438,52600,0.681695537,897.796,Keci
204,66063,354.0975248,238.5102532,0.739121421,67503,0.762676056,971.938,Keci
205,73311,391.8675067,239.6017637,0.791294159,74825,0.689966401,1046.52,Keci
206,82793,428.1169055,249.3908796,0.812809305,84950,0.742458211,1130.673,Keci
207,104921,452.8630128,297.0241867,0.754864415,108211,0.726297937,1254.861,Keci
208,59654,350.8999545,219.4898675,0.780219721,62384,0.713052833,979.727,Keci
209,76531,407.6686396,241.3995271,0.805830387,78857,0.731227487,1068.375,Keci
210,57438,344.9801825,215.4342255,0.781038479,58924,0.693394176,935.816,Keci
211,55129,336.021702,210.4280656,0.779635513,56855,0.750401546,910.837,Keci
212,37302,284.3301121,170.5330024,0.800171576,39280,0.721173923,761.131,Keci
213,58357,338.3209626,220.464395,0.758526041,59383,0.738172941,915.379,Keci
214,33615,254.47223,171.0010504,0.740566437,35376,0.788048575,719.935,Keci
215,47555,330.8992812,186.2529038,0.82654621,50165,0.680708836,873.837,Keci
216,71762,387.6741043,236.8736053,0.791621183,73593,0.701677879,1038.741,Keci
217,84677,401.6681425,269.6684468,0.741121199,86777,0.751028843,1118.999,Keci
218,86421,367.1703365,300.7939859,0.573476639,87929,0.748622661,1080.007,Keci
219,90191,431.3669658,272.751395,0.7747273,93719,0.625024255,1179.374,Keci
220,34638,251.7422462,178.341115,0.705783651,35824,0.749399624,713.94,Keci
221,39275,274.0659935,185.4112735,0.736423765,40747,0.712562139,772.501,Keci
222,41458,281.8248824,192.6741159,0.729794954,42792,0.682773386,782.362,Keci
223,85954,405.9151667,272.0833254,0.742093815,87690,0.714817957,1104.717,Keci
224,56589,343.9347569,213.1333342,0.784845746,58274,0.659853078,931.451,Keci
225,39622,280.1124767,185.1922062,0.750266822,40539,0.733007733,766.531,Keci
226,48093,329.9357423,187.0417222,0.823784218,49367,0.745108064,858.386,Keci
227,67404,349.011262,247.6902693,0.704512743,69607,0.745026085,997.276,Keci
228,57838,350.2854586,214.8024505,0.789911277,59449,0.674039717,939.149,Keci
229,58570,355.3995375,214.5674661,0.797184383,60494,0.657557931,962.708,Keci
230,60199,375.2796881,205.4140518,0.836895588,61711,0.736289139,971.185,Keci
231,74254,402.5264818,241.2834392,0.800432782,76702,0.726470473,1080.034,Keci
232,63718,407.5658564,200.2610472,0.870957281,65950,0.7229673,1023.064,Keci
233,28216,245.4012948,150.2455819,0.790668532,30316,0.622292797,683.004,Keci
234,79055,395.3686671,258.275952,0.757139293,82562,0.71950598,1114.488,Keci
235,86141,414.1071647,266.9075277,0.764572839,87883,0.718740092,1146.164,Keci
236,82873,449.409264,239.614078,0.846004564,85648,0.700769491,1148.363,Keci
237,98485,387.7628358,325.7371661,0.54252098,100682,0.729864528,1193.908,Keci
238,53633,313.479956,218.6686172,0.716534018,55147,0.728432118,882.669,Keci
239,63191,335.2416873,243.9723903,0.685841703,64898,0.704603994,977.095,Keci
240,58545,325.1886359,231.9557989,0.700862765,60738,0.700500144,966.758,Keci
241,68931,381.6717342,231.5281935,0.794994961,71336,0.679310549,1067.692,Keci
242,67874,360.0234655,243.2719738,0.737166231,69889,0.678319442,1035.277,Keci
243,61200,323.1744104,246.2883243,0.647469874,64553,0.707449022,997.264,Keci
244,87089,396.4868571,280.2454497,0.70739191,88754,0.742231578,1154.562,Keci
245,59589,383.5712334,201.3818552,0.851091037,62974,0.684081829,1043.187,Keci
246,50312,354.2355512,182.3120807,0.857392304,52070,0.623352166,961.439,Keci
247,41995,259.2088782,210.3507977,0.584337455,43443,0.729700613,801.526,Keci
248,137583,649.541485,273.2602815,0.907201118,142650,0.731637667,1590.354,Bes
249,117592,533.2928563,288.5583194,0.840966033,123587,0.730067672,1432.006,Bes
250,95546,487.1782819,251.960243,0.855874944,99166,0.722782014,1276.807,Bes
251,96582,446.7052035,278.325498,0.782171631,100113,0.706597603,1216.979,Bes
252,61409,403.7012948,209.3658885,0.855007371,67286,0.597392869,1083.477,Bes
253,154242,585.9280742,337.5992453,0.817323783,158371,0.7216,1530.315,Bes
254,134303,600.7662711,288.3849296,0.877252896,138133,0.74243622,1497.515,Bes
255,112378,528.4003254,272.7787203,0.856447002,115602,0.614705496,1366.74,Bes
256,124579,439.9605034,371.0262137,0.537416298,128307,0.698250157,1373.537,Bes
257,83107,507.3808994,233.1538498,0.8881652,93706,0.491002009,1367.331,Bes
258,107178,508.7478956,270.4624159,0.84698069,110611,0.632908552,1325.947,Bes
259,64391,449.5559014,187.1223778,0.909255569,68813,0.63426911,1177.714,Bes
260,126781,659.4426082,249.5447658,0.925634934,132802,0.73666198,1552.54,Bes
261,45051,323.5892546,180.0697373,0.830863512,46532,0.830632225,836.625,Bes
262,119026,612.7444115,250.9269903,0.912304144,123463,0.615745148,1486.769,Bes
263,67579,402.3102017,217.0587358,0.841965878,70809,0.70311297,1051.553,Bes
264,97019,559.5992129,228.6417533,0.912721946,101539,0.573452572,1383.647,Bes
265,184784,740.1087099,320.58783,0.901315524,192699,0.645353264,1791.568,Bes
266,168276,656.0993813,328.486879,0.865640348,174282,0.681538723,1685.283,Bes
267,195383,755.0129141,335.7904519,0.895655767,204472,0.728769116,1893.414,Bes
268,65253,418.9978869,205.7561847,0.871121605,69700,0.66625485,1075.404,Bes
269,120255,471.8135294,326.5463364,0.721793107,123486,0.723886976,1322.814,Bes
270,108161,485.1026458,286.0331908,0.807670301,111765,0.707906277,1305.144,Bes
271,157877,613.8737446,328.3133366,0.844964592,161901,0.641322804,1604.103,Bes
272,83800,440.8337404,245.3818805,0.830759616,86346,0.657162126,1170.091,Bes
273,177264,619.9584724,366.7632399,0.806236591,180994,0.683219376,1652.694,Bes
274,127245,530.3040552,309.1215157,0.812534049,130649,0.679096353,1423.997,Bes
275,108314,455.6058765,311.1711176,0.730434168,112497,0.686944665,1306.577,Bes
276,128947,572.8016018,289.0221686,0.863367048,132108,0.604408842,1446.923,Bes
277,189637,636.7524368,403.7193275,0.773309506,209580,0.613785469,1870.28,Bes
278,137508,604.1144233,292.0960638,0.875338198,141818,0.60152231,1529.79,Bes
279,75173,365.8032415,267.5827815,0.681848156,78359,0.67995405,1087.034,Bes
280,115859,488.4888558,305.090778,0.780976537,120546,0.742643053,1351.422,Bes
281,92188,374.7201638,324.3025616,0.500990716,95920,0.747599585,1190.813,Bes
282,153824,536.606993,369.2864544,0.725532478,159063,0.739083641,1582.146,Bes
283,85492,437.0139693,250.8926087,0.818780557,89018,0.723343769,1182.575,Bes
284,106312,464.3323636,295.3167921,0.771686556,111089,0.729683725,1306.455,Bes
285,210923,984.0454912,367.2795321,0.927737116,278217,0.507352075,2697.753,Bes
286,89138,507.1433962,226.2166152,0.895002832,93549,0.738386349,1262.578,Bes
287,83567,465.1014658,230.9042314,0.868059652,86859,0.609222133,1199.017,Bes
288,171256,531.3732054,412.3828168,0.630646744,174277,0.70191488,1559.214,Bes
289,77105,419.9536962,238.8394659,0.822525594,80497,0.668994838,1131.54,Bes
290,100443,457.5698723,283.6112797,0.784743459,104186,0.673788505,1269.066,Bes
291,72606,424.472024,223.232633,0.850542335,76975,0.683852617,1117.107,Bes
292,83555,457.5464724,235.0998706,0.857893642,86694,0.711227443,1159.779,Bes
293,146268,588.0092142,321.6079813,0.83716934,150416,0.695421481,1535.287,Bes
294,113608,559.2667826,264.028685,0.881546115,118098,0.627862764,1394.088,Bes
295,75058,424.7637094,228.8458259,0.842459099,78952,0.685461187,1130.395,Bes
296,116406,612.665318,251.8328267,0.911615194,125638,0.526259635,1480.951,Bes
297,100319,480.7789636,267.6688956,0.830686786,104255,0.639614136,1289.209,Bes
298,143386,469.2765081,397.3101898,0.532159522,146328,0.750260314,1422.014,Bes
299,164782,660.3641751,322.620924,0.872535895,169000,0.757757749,1654.986,Bes
300,71639,400.4139594,231.6201421,0.815716625,76252,0.642461908,1101.879,Bes
301,141220,575.6823646,316.6212427,0.835169296,144300,0.659151906,1507.939,Bes
302,88290,514.4361539,221.4448377,0.902609051,92317,0.555157323,1277.388,Bes
303,102569,515.3952494,259.1942281,0.864342392,106888,0.573241751,1331.797,Bes
304,182160,997.2919406,271.8723954,0.96212444,221527,0.379856115,2303.69,Bes
305,208264,675.0983445,395.5792906,0.810341407,212813,0.771748314,1755.167,Bes
306,133101,641.5097389,265.3139704,0.910468935,136793,0.582496357,1544.712,Bes
307,169009,719.5058781,301.5651259,0.907927113,174718,0.716926627,1781.378,Bes
308,81901,450.8275297,237.2089894,0.850383428,85000,0.583107877,1192.014,Bes
309,80678,457.9252352,229.7035618,0.865089207,85201,0.607359562,1226.244,Bes
310,101661,440.9818348,295.5307052,0.742211915,105429,0.713290393,1268.05,Bes
311,82207,451.0060488,235.1597735,0.853305321,84780,0.629437077,1182.274,Bes
312,166275,602.3077749,356.2362867,0.806340027,168292,0.719282081,1580.961,Bes
313,188651,621.0126864,390.3076128,0.777808102,192922,0.747156346,1698.394,Bes
314,202118,684.602958,379.7192817,0.832079617,209242,0.717218816,1827.9,Bes
315,97375,468.9040381,268.2670249,0.820173426,100169,0.694716941,1244.252,Bes
316,64303,442.7453136,187.0290194,0.906395428,67199,0.686235379,1081.68,Bes
317,86715,440.4743232,254.3360345,0.816451523,89920,0.735371438,1173.259,Bes
318,155702,655.3989662,304.6121493,0.885429547,160709,0.697046209,1626.909,Bes
319,84295,458.8440074,238.289021,0.854577011,88521,0.708450645,1202.583,Bes
320,177206,699.6182638,328.1121355,0.883204868,181412,0.739152923,1754.378,Bes
321,110897,518.7876139,275.2605054,0.847632242,115550,0.7304361,1365.577,Bes
322,56903,360.815292,204.037706,0.824754645,59797,0.718426867,980.39,Bes
323,113029,558.5161561,265.2842028,0.879996398,116783,0.66209179,1419.577,Bes
324,69579,398.5966833,224.5785157,0.82616862,71648,0.719385856,1071.644,Bes
325,163442,594.759221,351.4256873,0.806766406,167471,0.704685775,1621.959,Bes
326,114289,580.6008301,261.7636982,0.892599892,120657,0.649487407,1455.893,Bes
327,74652,424.9806728,231.6042653,0.838451647,79014,0.59261729,1157.109,Bes
328,90559,473.5758459,246.9199675,0.853315591,95477,0.673231039,1328.744,Bes
329,104352,562.3359079,239.402593,0.904850809,107968,0.668066581,1390.73,Bes
330,82161,441.7955517,246.810056,0.829402027,86909,0.630243012,1222.158,Bes
331,131816,532.7314252,322.6830027,0.795682271,138992,0.722192393,1488.84,Bes
332,163082,696.1490457,302.2224471,0.900847975,167442,0.763778569,1687.178,Bes
333,77012,425.2194272,239.4695614,0.826343087,81325,0.654279767,1131.53,Bes
334,81604,528.5858925,204.7395131,0.921939284,87172,0.491460095,1299.386,Bes
335,82853,430.1149972,251.1757003,0.811772822,85292,0.746436873,1139.84,Bes
336,145693,591.1801444,321.4311911,0.839272464,151644,0.6485275,1595.364,Bes
337,96443,541.2000742,232.5480394,0.902976663,101271,0.553411373,1352.482,Bes
338,168620,730.7609597,295.5004623,0.914593881,172003,0.796730297,1725.003,Bes
339,193032,661.1487714,376.4321931,0.822087757,197672,0.631120527,1744.271,Bes
340,140897,588.0709185,308.0257871,0.851847299,146231,0.733999104,1536.473,Bes
341,118988,483.3400048,315.2484647,0.758021814,122375,0.7844673,1356.398,Bes
342,103666,456.3827046,293.9224346,0.765003405,107992,0.647265235,1332.203,Bes
343,68231,394.6465339,228.161,0.815937489,71591,0.664527251,1099.228,Bes
344,88928,395.724998,300.2270016,0.6514683,93821,0.671063554,1239.54,Bes
345,117077,496.1307567,314.547414,0.773332196,123305,0.70883156,1419.16,Bes
346,123056,618.1418151,256.9501109,0.909510252,128101,0.641284069,1522.028,Bes
347,94455,496.8950128,245.2439068,0.869715856,97496,0.719887507,1256.322,Bes
348,89311,429.2790857,270.8593166,0.77581274,94720,0.682649239,1234.547,Bes
349,68982,400.7368809,223.9076574,0.829342993,73278,0.728765213,1105.79,Bes
350,204864,596.6398018,440.4971275,0.674476207,209457,0.751009036,1726.246,Bes
351,83693,437.734856,245.4242627,0.828040175,87230,0.702859542,1177.858,Bes
352,75529,418.5184789,233.9901934,0.82910585,79168,0.658669736,1143.294,Bes
353,121034,518.720443,305.7358095,0.80783856,125665,0.70666472,1418.304,Bes
354,105192,440.5629092,305.7917791,0.71988502,107313,0.736901835,1244.054,Bes
355,77402,469.4593474,215.0799509,0.888878022,80680,0.621328517,1162.004,Bes
356,87857,380.7764868,300.9086479,0.612784478,90968,0.728499171,1144.344,Bes
357,139399,522.4680098,348.2821616,0.745407081,144034,0.69363089,1471.508,Bes
358,178334,626.0641738,366.2370495,0.81104538,181715,0.789451783,1630.704,Bes
359,144084,555.9210209,332.1238891,0.801921074,149076,0.729421056,1506.255,Bes
360,84975,511.8746638,215.4482203,0.907106886,88730,0.629612341,1246.361,Bes
361,118043,493.7652445,308.0001269,0.781601193,122903,0.675596941,1394.1,Bes
362,102769,515.6080701,261.1366518,0.862261419,109161,0.65023094,1378.308,Bes
363,136960,559.2958675,313.3098688,0.828366668,139458,0.722141961,1458.551,Bes
364,113206,548.9710465,264.2584778,0.876517212,116787,0.725860952,1388.476,Bes
365,155057,610.6779718,325.5076812,0.846098403,159681,0.761057039,1564.694,Bes
366,116715,571.0488404,278.8373978,0.872681468,127342,0.60261772,1488.324,Bes
367,91146,498.3917995,241.896779,0.874317368,97149,0.672892643,1293.559,Bes
368,101223,496.5334606,276.8662029,0.830110932,109593,0.713611945,1345.426,Bes
369,79492,422.5673288,243.1162956,0.817920329,82708,0.637353474,1122.831,Bes
370,93234,452.9265064,268.7630536,0.804913476,97428,0.715906997,1222.886,Bes
371,167279,690.0719941,311.9956922,0.89195687,171794,0.578673899,1680.121,Bes
372,193558,769.4251488,321.6858345,0.90840748,197851,0.605915848,1865.297,Bes
373,146175,592.9085046,319.0201112,0.842906798,149156,0.632833301,1529.068,Bes
374,108076,516.0732298,270.743408,0.851335233,112975,0.698815436,1378.774,Bes
375,131811,573.5417738,295.4230955,0.857138757,135814,0.71150732,1457.016,Bes
376,129038,540.814829,306.8177642,0.823493997,134796,0.64875817,1459.345,Bes
377,130868,613.1726145,273.1819147,0.895270971,134139,0.536784249,1513.352,Bes
378,206720,713.4725493,373.6425439,0.851905369,210114,0.780576219,1866.091,Bes
379,205497,632.7276067,414.1883255,0.755968807,209486,0.76928865,1736.839,Bes
380,146420,598.0726814,314.3906394,0.850686743,149403,0.746736026,1531.955,Bes
381,126014,523.1863795,309.11683,0.806792408,130059,0.736226499,1396.906,Bes
382,101103,484.1659011,269.145887,0.83125185,105500,0.67,1307.683,Bes
383,61444,371.6938257,213.1798061,0.819180326,64321,0.737472545,1006.984,Bes
384,160605,630.6173412,330.7711388,0.851398389,167411,0.723185339,1679.562,Bes
385,100649,433.3668701,300.4577801,0.720639035,103883,0.724719182,1257.029,Bes
386,112808,542.5047797,267.2018778,0.870293382,116961,0.743155287,1390.4,Bes
387,105951,521.1127579,267.7270571,0.857933758,111368,0.733559965,1377.248,Bes
388,177916,581.7097499,394.5247078,0.734862852,181352,0.737206739,1647.505,Bes
389,109254,483.163737,289.8286843,0.800107952,111624,0.740102967,1293.225,Bes
390,128574,601.8002346,276.2481554,0.88841751,135975,0.67400216,1508.934,Bes
391,124166,525.9453568,304.1564686,0.815821133,126960,0.728998849,1388.684,Bes
392,133784,581.2869477,300.635686,0.855870727,139806,0.679589556,1502.661,Bes
393,80481,481.0639534,217.561151,0.891891237,85153,0.714973571,1219.105,Bes
394,63491,326.6328824,248.3224493,0.649631331,64892,0.734356566,950.297,Bes
395,109791,477.0335016,294.5338471,0.786627389,112766,0.744780007,1290.239,Bes
396,89236,389.6816918,295.3319356,0.652394055,92014,0.696992892,1144.036,Bes
397,152267,598.9676358,331.2490172,0.833159184,157353,0.594050406,1570.502,Bes
398,71502,490.4334789,189.4429399,0.922383026,75157,0.500546035,1182.852,Bes
399,144250,606.351813,305.3303818,0.863964234,148528,0.800255194,1547.081,Bes
400,223075,694.2475503,411.810369,0.805073466,225916,0.764940471,1812.569,Bes
401,56244,398.8024524,182.8440459,0.888703306,58530,0.65636597,1008.134,Bes
402,142239,614.8344775,297.7353473,0.874928099,148078,0.643516382,1553.114,Bes
403,78632,407.9403285,245.8211977,0.798050128,79715,0.689010979,1068.727,Bes
404,93430,467.6371192,258.947168,0.832692769,98337,0.7129884,1258.966,Bes
405,97583,522.7865556,241.940773,0.886467562,101231,0.725982963,1298.731,Bes
406,123654,542.4197414,293.4732356,0.840993944,126325,0.65953021,1400.524,Bes
407,85894,477.1719928,231.0396812,0.874965463,89369,0.730391156,1202.493,Bes
408,235047,772.956877,388.201507,0.864734549,239093,0.711672732,1942.05,Bes
409,152611,663.1332504,297.4179501,0.893780798,158488,0.61471504,1755.968,Bes
410,83932,499.2377543,224.4723887,0.893214785,88572,0.67084419,1258.062,Bes
411,117354,520.3266122,289.6619857,0.83071856,121057,0.712064948,1374.171,Bes
412,66315,363.5788956,234.4544522,0.764307755,68906,0.688944066,1015.021,Bes
413,87663,405.6780508,277.4549315,0.729548695,89710,0.743688283,1126.518,Bes
414,95364,481.5643732,253.8467812,0.849784975,97623,0.737951528,1225.352,Bes
415,78787,450.2555917,228.912522,0.861117655,80567,0.677376367,1142.632,Bes
416,160451,593.7498799,346.7570543,0.811745025,163523,0.785231188,1548.609,Bes
417,121077,521.191031,302.1091845,0.814864461,125856,0.734512254,1403.043,Bes
418,62280,388.582055,205.5143916,0.848694829,63596,0.791440045,977.906,Bes
419,106897,481.7946852,288.6600202,0.80064808,109314,0.715983148,1284.69,Bes
420,111568,491.1120737,293.9110068,0.801152573,114128,0.734758929,1303.224,Bes
421,61556,340.7836277,231.4351892,0.73402126,63181,0.734803992,956.302,Bes
422,47609,331.8941109,184.2131203,0.831826447,49720,0.748192733,874.091,Bes
423,61861,345.9436498,235.4304678,0.732705625,67390,0.70227959,1063.621,Bes
424,84855,420.350624,275.8810121,0.754489905,90768,0.673805327,1172.642,Bes
425,127292,639.8506348,258.3819447,0.914840211,129101,0.534714521,1496.062,Bes
426,125968,522.5437758,308.0475964,0.807757147,129444,0.739578685,1414.078,Bes
427,48488,275.3377168,226.802199,0.566991437,50103,0.669594277,859.326,Bes
428,84774,416.2814499,264.0989928,0.772985146,90393,0.697670974,1209.582,Bes
429,78921,376.9878173,268.8326119,0.701055316,82584,0.719924469,1144.959,Bes
430,145235,609.6301806,306.6080357,0.864320723,148876,0.682495301,1538.316,Bes
431,87039,497.0580562,236.2127732,0.879866091,96247,0.636981038,1271.343,Bes
432,181126,949.6626718,293.386698,0.951082244,225592,0.414153748,2352.029,Bes
433,142419,580.4381967,318.180558,0.836364958,145899,0.754857688,1512.658,Bes
434,92619,398.6207288,296.8829335,0.667315162,95666,0.742996727,1173.39,Bes
435,68510,348.4009519,252.9930044,0.687531298,70513,0.670877399,1028.839,Bes
436,48551,302.8128348,205.9633801,0.733056942,50748,0.742824357,862.001,Bes
437,92472,424.4199935,282.2115053,0.746901655,95982,0.746163157,1204.61,Bes
438,100928,465.1799197,287.0157139,0.78696365,105549,0.686192924,1310.51,Bes
439,96920,447.5951038,277.4359099,0.784730757,100285,0.687258906,1229.91,Bes
440,96762,457.4774879,277.3867797,0.795205711,101717,0.78868349,1248.75,Bes
441,151908,594.1828014,328.5680583,0.833198042,155600,0.721207805,1560.016,Bes
442,75368,387.8523157,250.5845218,0.76326774,77706,0.735096754,1078.409,Bes
443,168269,614.3804322,353.4662998,0.817927331,173527,0.756241377,1641.456,Bes
444,99333,422.87694,302.2095731,0.699480849,101942,0.720765368,1191.348,Bes
445,102722,416.8989374,317.5428031,0.647955574,107169,0.724419777,1261.988,Bes
446,104468,542.1781725,250.0630792,0.887286135,108119,0.646932785,1360.497,Bes
447,73699,408.5855548,231.1420842,0.824602335,76106,0.703181055,1079.578,Bes
448,71918,448.5277271,207.7512363,0.88626171,75002,0.696373759,1091.499,Bes
449,127933,560.7226757,294.6625589,0.850790524,130766,0.667778474,1426.6,Bes
450,73294,445.2461201,217.6202412,0.872416085,76157,0.654434087,1147.6,Bes
451,189069,679.4893072,357.0472563,0.850815756,195810,0.612143209,1831.909,Bes
452,159064,570.2169046,368.2206845,0.763544285,165584,0.781964054,1563.83,Bes
453,120818,492.6065372,315.2013498,0.768487895,123230,0.672032484,1311.522,Bes
454,59890,402.4157189,194.6688358,0.875205907,61673,0.719710626,1034.144,Bes
455,137593,558.0587508,316.7128382,0.823355491,142114,0.677764642,1478.596,Bes
456,166654,607.9964652,349.6589887,0.818082863,169060,0.753517688,1574.164,Bes
457,55858,298.8588591,239.8993992,0.596358734,58630,0.681452744,915.13,Bes
458,105308,473.3133932,284.170622,0.799710534,108094,0.787014132,1259.934,Bes
459,67468,424.563654,207.8230517,0.87200443,70674,0.611693881,1105.042,Bes
460,132680,549.8652777,308.392291,0.827917003,136612,0.650653694,1453.895,Bes
461,154197,582.6121787,343.2602128,0.808005855,160008,0.762219476,1555.816,Bes
462,225043,740.0037432,390.3008576,0.849597917,229195,0.744187354,1853.893,Bes
463,66613,433.1941642,199.8147343,0.887265505,70454,0.708950617,1085.157,Bes
464,141559,594.1144312,306.3100019,0.856845008,146674,0.764489545,1530.598,Bes
465,77622,460.1429023,226.581322,0.870360472,82990,0.651213128,1205.141,Bes
466,179668,690.4334163,332.5532581,0.876358889,181954,0.779403089,1681.985,Bes
467,105091,507.6851162,268.0873433,0.849208116,108296,0.700270537,1295.591,Bes
468,66938,356.3232835,248.674245,0.71620554,69880,0.708661084,1022.705,Bes
469,97494,451.7827664,278.2800079,0.787777611,101878,0.689695666,1254.755,Bes
470,101770,468.6679004,279.8129101,0.802212378,103475,0.785177527,1233.824,Bes
471,88338,504.4821967,227.1275085,0.892918128,90790,0.727157486,1230.493,Bes
472,119336,563.5463265,275.3557685,0.872500913,125523,0.668155987,1469.764,Bes
473,126019,520.6800335,316.1898754,0.794500651,130948,0.694510885,1422.242,Bes
474,154498,621.3515398,318.5977308,0.858538226,159694,0.750048547,1585.782,Bes
475,82632,471.3667164,227.3931825,0.875944181,87501,0.633078974,1243.987,Bes
476,218459,571.2892031,492.2752785,0.507431838,228259,0.731973651,1947.46,Bes
477,150420,607.7096735,316.8097244,0.853362761,153905,0.642408712,1557.266,Bes
478,110296,487.6911592,289.9248299,0.804107077,113271,0.687099748,1316.112,Bes
479,171264,609.6431474,359.2245718,0.807959919,174156,0.771737563,1592.095,Bes
480,110936,500.9313423,286.2523864,0.820643598,113888,0.732395854,1319.435,Bes
481,54502,346.457978,204.0812123,0.808096294,56464,0.636111111,927.283,Bes
482,142415,532.0841297,342.4207326,0.765407249,144862,0.770643939,1449.803,Bes
483,94282,494.16296,244.8038886,0.868670102,97707,0.702386185,1269.68,Bes
484,68799,356.5678081,253.2546956,0.703942708,71879,0.700929152,1041.27,Bes
485,79058,454.4372156,236.9642525,0.853284574,82555,0.578255972,1175.034,Bes
486,85646,469.7747551,238.5393844,0.861490344,92673,0.6810436,1226.892,Bes
487,107486,462.8131338,296.0912378,0.768571317,108914,0.759967476,1235.078,Bes
488,149703,637.8730298,304.6225324,0.878599234,154549,0.593805036,1596.356,Bes
489,187391,660.6555881,362.3150066,0.836204746,189799,0.71394663,1682.478,Bes
490,115272,511.4720359,291.5913488,0.821573762,119773,0.62476017,1392.653,Bes
491,83248,430.0773077,247.8386945,0.817262582,85839,0.66879293,1129.072,Bes
492,87350,440.7356978,259.2931487,0.808628995,90899,0.636476246,1214.252,Bes
493,99657,431.7069809,298.8373229,0.721684066,106264,0.741098519,1292.828,Bes
494,93523,476.3440939,254.1760536,0.84573851,97653,0.658798253,1258.548,Bes
495,85609,512.0817743,215.2719758,0.907345395,89197,0.632019963,1272.862,Bes